<?xml version="1.0" encoding="UTF-8"?>
<!--<beans xmlns="http://www.springframework.org/schema/beans"-->
<!--   xmlns:xsi="http://www.w3.org/2001/XMLSchema-instance"-->
<!--   xsi:schemaLocation="http://www.springframework.org/schema/beans https://www.springframework.org/schema/beans/spring-beans.xsd">-->

<beans xmlns:mvc="http://www.springframework.org/schema/mvc"
	   xmlns:xsi="http://www.w3.org/2001/XMLSchema-instance"
	   xmlns="http://www.springframework.org/schema/beans"
	   xmlns:context="http://www.springframework.org/schema/context"
	   xsi:schemaLocation="http://www.springframework.org/schema/mvc https://www.springframework.org/schema/mvc/spring-mvc.xsd
      http://www.springframework.org/schema/beans https://www.springframework.org/schema/beans/spring-beans.xsd
      http://www.springframework.org/schema/context https://www.springframework.org/schema/context/spring-context.xsd">

	<!-- Root Context: defines shared resources visible to all other web components -->

	<bean id="dataSource" class="org.springframework.jdbc.datasource.DriverManagerDataSource">
		<property name="driverClassName" value="net.sf.log4jdbc.sql.jdbcapi.DriverSpy"></property>
		<property name="url" value="jdbc:log4jdbc:mysql://localhost:3306/dalgom?useUnicode=true&amp;characterEncoding=utf8"></property>
		<!--      <property name="driverClassName" value="com.mysql.cj.jdbc.Driver"></property>-->
		<!--      <property name="url" value="jdbc:mysql://localhost:3306/test?useUnicode=true&amp;characterEncoding=utf8"></property>-->
		<property name="username" value="dalgom"></property>
		<property name="password" value="1234"></property>
	</bean>

	<bean id="sqlSessionFactory" class="org.mybatis.spring.SqlSessionFactoryBean">
		<property name="dataSource" ref="dataSource"/>
		<property name="configLocation"  value="classpath:mybatis-config.xml"/> <!-- mybatis 설정파일 위치 (main > resource 폴더)-->
		<property name="mapperLocations" value="classpath:mapper/*Mapper.xml"/> <!--sql 담긴 파일들 위치랑 이름 패턴 지정한 파일-->
	</bean>

	<bean id="sqlSession" class="org.mybatis.spring.SqlSessionTemplate">
		<constructor-arg index="0" ref="sqlSessionFactory"/>
	</bean>

	<context:component-scan base-package="com.bitstudy.app" />

</beans>